created,duration,id,name,status,time,local_date,local_time,updated,utc_offset,waitlist_count,yes_rsvp_count,link,description,how_to_find_us,visibility,rsvp_limit,manual_attendance_count,rsvp_close_offset,venue.id,venue.name,venue.lat,venue.lon,venue.repinned,venue.address_1,venue.city,venue.country,venue.localized_country_name,venue.zip,venue.state,group.created,group.name,group.id,group.join_mode,group.lat,group.lon,group.urlname,group.who,group.localized_location,group.region
1508187825e3,5400000,244261258,November Meetup - All about Software/Data Carpentries + TidyText Group Activity,upcoming,15120954e5,2017-11-30,18:30,1512075124e3,-28800000,0,17,https://www.meetup.com/R-Ladies-PDX/events/244261258/,"<p>We will be in CLSB 1S018 of the OHSU Life Sciences Building on the Waterfront. The classroom is located on the main floor, no need to go up stairs or elevators!</p> <p>Map:</p> <p><img src=""https://secure.meetupstatic.com/photos/event/4/c/1/7/600_466519479.jpeg"" /></p> <p>More info about the location:<br/><a href=""http://www.ohsu.edu/xd/about/visiting/directions/clsb-life-sciences.cfm"" class=""linkified"">http://www.ohsu.edu/xd/about/visiting/directions/clsb-life-sciences.cfm</a></p> <p>Agenda (may change):</p> <p>6:30 - 7:00 - Introductions (maybe share something you've done, learned, or wanted to learn about R this week) + R Ladies Business (see link for discussion items: <a href=""https://github.com/rladies-pdx/meeting_recaps/wiki/2017-11-30-Agenda"" class=""linkified"">https://github.com/rladies-pdx/meeting_recaps/wiki/2017-11-30-Agenda</a> )</p> <p>7:00 - 7:15 - Carpentries Presentation (Augustina)</p> <p>Augustina is in the final stages of Carpentries Instructor Certification and will do a short presentation on it. For more info see: <a href=""https://software-carpentry.org"" class=""linkified"">https://software-carpentry.org</a> (<a href=""https://software-carpentry.org/"" class=""linkified"">https://software-carpentry.org/</a>)</p> <p>7:15 - 8:00 - Group Activity! Last month we co-hosted a TidyText tutorial with Julia Silge! Augustina has been doing analysis on Meetup activity for R-Ladies Global. Let's apply the TidyText things to R-Ladies Meetup text content including both group and event descriptions.</p> <p>Meetup Analysis:<br/>Notebook (WIP): <a href=""https://rpubs.com/rladiespdx/rladies-meetup-eda"" class=""linkified"">https://rpubs.com/rladiespdx/rladies-meetup-eda</a><br/>Repo: <a href=""https://github.com/rladies-pdx/meetup-analysis/"" class=""linkified"">https://github.com/rladies-pdx/meetup-analysis/</a><br/>Meetup Data: <a href=""https://github.com/rladies-pdx/meetup-analysis/tree/master/latest"" class=""linkified"">https://github.com/rladies-pdx/meetup-analysis/tree/master/latest</a></p> <p>TidyText Tutorial:<br/>Augustina's R Notebook from our Meetup: <a href=""https://rpubs.com/auggy/tidytext_ulysses"" class=""linkified"">https://rpubs.com/auggy/tidytext_ulysses</a><br/>Book: <a href=""http://tidytextmining.com/"" class=""linkified"">http://tidytextmining.com/</a></p> <p>Do you want to present something? Let us know!</p> <p>We will also provide FOOD because no one likes to R on an empty stomach :)</p> <p>Elephant's Deli is conveniently located adjacent to the Meetup Space so food will come from there with Vegetarian + Gluten Free options.</p> ","We will be in CLSB 1S018 of the OHSU Life Sciences Building on the Waterfront. The classroom is located on the main floor, no need to go up stairs or elevators! See the map linked in the event details.",public,,,,25614534,OHSU Collaborative Life Sciences Building (CLSB),45.503196716308594,-122.67186737060547,FALSE,2730 Southwest Moody Avenue,Portland,US,USA,,,1500532418e3,R-Ladies PDX,25057217,open,45.5,-122.69000244140625,R-Ladies-PDX,R-Ladies,"Portland, OR",en_US
1505313771e3,4500000,243331084,"Play in the snow, then clean up your mess!",upcoming,15121512e5,2017-12-01,12:00,1511970542e3,-21600000,0,18,https://www.meetup.com/rladies-nashville/events/243331084/,<p>Join us at the Wond'ry for a lunchtime meetup! Laurie Samuels will be demo-ing some packages for data cleaning in R; Svetlana Eden will be demo-ing a package that generates realistic snowflakes for some seasonal flair. See you there!</p> ,"The Wond'ry is in the new engineering building on Highland Avenue. When you enter the building, go up the main spiral staircase; we'll be in the conference room at the back of the glassed-in space. There's a parking garage across the street.",public,20,,,25237648,The Wond'ry,36.14297103881836,-86.80572509765625,FALSE,2414 Highland Avenue,Nashville,US,USA,,,1475090435e3,R-Ladies Nashville,20493986,open,36.16999816894531,-86.779998779296875,rladies-nashville,Members,"Nashville, TN",en_US
1488227228e3,3600000,shrsrmywqbcb,LunchinatoRs,upcoming,15121512e5,2017-12-01,12:00,1505943196e3,-21600000,0,1,https://www.meetup.com/R-Ladies-Ames/events/245390719/,"<p>Hosted by the Department of Ecology, Evolution, and Organismal Biology.¬†</p> <p>This is a weekly meeting hosted by R-Lady Audrey McCombs and Haldre Rogers in EEOB for folks interested in learning R and eating lunch together. Thanks to Audrey for extending this invitation to all of R-Ladies Ames! They meet from 12-1pm every Friday in Bessey Hall, room 334.¬†</p> <p>Email Audrey at amccombs@iastate.edu for more information. If you're looking to present some cool R¬†packages, how to wrestle with analysis issues, good coding practices, data management techniques, or anything else that you find interesting and helpful when working in R, let Audrey know! They'd love to host your presentation!</p> ",Room 334,public,,,,25089815,Bessey Hall,42.02848815917969,-93.6446304321289,FALSE,2200 Osborn Drive,Ames,us,USA,50011,IA,1480118246e3,R-Ladies Ames,21280054,open,42.029998779296875,-93.63999938964844,R-Ladies-Ames,R-Ladies,"Ames, IA",en_US
1511539626e3,,245361788,December R-Ladies Meetup: Regular Expressions,upcoming,15124014e5,2017-12-04,17:30,1511539626e3,7200000,0,9,https://www.meetup.com/rladies-cape-town/events/245361788/,"<p>Hi everyone,</p> <p>We'll be having our last meetup of the year on the 4th of December in the afternoon. Jodie will¬† be giving a tutorial on¬† String Matching and Modification in R using Regular Expressions - handy when you're cleaning data. There will be something for beginners and intermediate users alike.</p> <p>Best,</p> <p>Megan, Wiebke, Theoni and Jodie</p> ",,public,,,,12322382,"3rd Floor, Bandwidth Barn, Woodstock Exchange",-33.924869537353516,18.424055099487305,FALSE,"66 - 68 Albert Road, Woodstock Exchange",Cape Town,za,South Africa,,,1488792247e3,R-Ladies Cape Town,22790744,open,-33.93000030517578,18.459999084472656,rladies-cape-town,Members,"Cape Town, South Africa",en_US
1511185882e3,7200000,245252673,Book Club,upcoming,1512432e6,2017-12-04,19:00,1511185882e3,-18000000,0,20,https://www.meetup.com/R-Ladies-RTP/events/245252673/,"<p>‚Ä¢ What we'll do<br/>Join us as we work through the first section of R for Data Science (<a href=""http://r4ds.had.co.nz/explore-intro.html"" class=""linkified"">http://r4ds.had.co.nz/explore-intro.html</a>) in small groups. This is a great way for both new and experienced users to become more familiar with R.</p> <p>All events are intended for women as leaders, mentors, members, and attendees. We are emphatically queer and trans friendly. Men are welcomed to attend as guests. This group was created so those who identify as women have a comfortable place to learn. If you would like to attend and feel excluded, please introduce yourself to an organizer.</p> <p>‚Ä¢ What to bring<br/>Please bring your own laptop.</p> ",Turn right when you first walk in and you will find us sitting near the circular tables designated for quiet group discussion.,public,,,,6300922,Durham Public Library - South Regional Branch,35.9023323059082,-78.88829803466797,FALSE,4505 S. Alston Ave,Durham,us,USA,27713,NC,1471270976e3,R-Ladies RTP,20317472,open,36,-78.9000015258789,R-Ladies-RTP,Members,"Durham, NC",en_US
1510018883e3,10800000,244885257,"Linear, Logistic, and Cox Regression: When and How to Run in RStudio",upcoming,15125112e5,2017-12-05,17:00,1510339826e3,-18000000,0,15,https://www.meetup.com/rladies-ldnont/events/244885257/,"<p>Join us to learn about regression in RStudio. This month's meet up will be led by Jacqueline Kueper, PhD candidate in Epidemiology and Biostatistics at Western.</p> <p>No previous experience with regression or RStudio is required; all abilities are welcome. The main portion of the session will involve step-by-step instructions on how to set up, run, and interpret results from regression models that include one and more than one independent variable. We will also cover some background on three types of regression‚Äîlinear, logistic, and Cox‚Äîincluding when and why you might want to run each of these models. Sample code and data will be made available so that you can follow along on a personal laptop; sitting back to absorb the conversation in a more hands-off way is also an option.</p> <p>Get excited! See you in December!</p> ","We are in the Wellington Room, on the second floor at the back. Parking under the library (entrance on King St) can be validated for up to 2 hours at the library help desk.",public,,,,19794792,London Public Library,42.98440170288086,-81.24620056152344,FALSE,251 Dundas St. ,London,ca,Canada,"",ON,1484658259e3,"R-Ladies London, Ontario",21965959,open,43.0099983215332,-81.18000030517578,rladies-ldnont,Members,"London, ON",en_US
1510847752e3,7200000,245161189,Intro to dplyr & ggplot2 with Marieke Jones,upcoming,15125148e5,2017-12-05,18:00,1511884523e3,-18000000,0,19,https://www.meetup.com/rladies-charlottesville/events/245161189/,"<p><b>* Updated Location * Please note that we will be meeting at Hemoshear, not VividCortex. Hemoshear is located near the other end of the Downtown Mall at 501 Locust Avenue, Suite 301. There is free parking in the parking lot.¬†</b></p> <p>Pipes, plots, and more!¬†</p> <p>Join us for a two-part workshop led by UVA's Marieke Jones on two core packages in the tidyverse: dplyr and ggplot2. This session is geared towards all proficiency levels in R. Whether you've just started learning and you want to know what piping is or how to make a plot, or if you're a pro and you want a refresher on writing cleaner code, this workshop will be beneficial to you. Also, there will be pizza :)</p> <p><b>Schedule:</b></p> <p>‚Ä¢¬†<b>6:00-6:45 Intro to R</b></p> <p>‚Ä¢¬†<b>6:45-7:30 Intro to dplyr¬†</b></p> <p>Come to one or both!¬†</p> <p>Please bring a laptop with R, RStudio, and the tidyverse package installed before coming to the MeetUp. If you need a short tutorial on getting oriented in R and on installing a package in R, please see this YouTube <a href=""https://www.youtube.com/watch?v=lTTJPRwnONE"">video</a>.¬†We will be available 30min before the session starts to assist anyone with troubles installing R, RStudio, or packages.</p> <p>Please download the <a href=""https://docs.google.com/spreadsheets/d/1ipUu6PPQJcX_QwMNWVwG2KJBWju5smrHMd9jcJwb64U/edit?usp=sharing"">nhanes.csv</a> dataset we will be using during the sessions. Save this file to your Desktop so you can easily find it.¬†</p> <p>Follow us on twitter for more updates! @RLadiesCville</p> <p>See you then!</p> ",,public,,0,,25636842,Hemoshear,0,0,FALSE,"501 Locust Avenue, Suite 301",Charlottesville,us,USA,"",VA,1506014722e3,R-Ladies Charlottesville,26004745,open,38,-78.45999908447266,rladies-charlottesville,Members,"Charlottesville, VA",en_US
1508957714e3,,244519503,ALL the Ladies in Tech Happy Hour: Winter Edition,upcoming,15125202e5,2017-12-05,18:30,1508957736e3,-21600000,0,1,https://www.meetup.com/rladies-austin/events/244519503/,"<p>***NOTE: RSVP is on Eventbrite for this event! Here's the link: <a href=""https://www.eventbrite.com/e/all-the-ladies-in-tech-happy-hour-winter-edition-tickets-39194718458"" class=""linkified"">https://www.eventbrite.com/e/all-the-ladies-in-tech-happy-hour-winter-edition-tickets-39194718458</a> ***</p> <p>This is a quarterly mega happy hour / networking mixer with the goal of connecting women in tech, data, and code in ATX.<br/>Apana's is offering a Happy Hour special of $1 off beer or wine. We've reserved their back room and around 7pm, we'll do some quick introductions for all of the groups present and a preview of the events they have planned for the winter.<br/>We're also partnering with Dress for Success Austin to do a drive for shoes and purses at this event -- if you have any extra shoes or purses, please consider bringing them to help women who are in need!<br/>This event is cohosted by these groups (please reach out if you know of a group that would like to co-host with us!):<br/>+ R-Ladies Austin<br/>+ Women in Data Science<br/>+ PyLadies ATX<br/>+ Women Who Code<br/>+ ChickTech Austin<br/>+ Austin Women in Technology<br/>+ Girl Develop It Austin<br/>Feel free to bring guests, but please note that we are limiting this event to those who identify as women only.<br/>Can't wait to see you all there!</p> ",,public,,0,,24682955,Apana's Coffee & Beer @ the Domain,30.400697708129883,-97.7226791381836,FALSE,11501 Rock Rose #118 ,Austin,US,USA,,,1485879617e3,R-Ladies Austin,22180445,open,30.219999313354492,-97.75,rladies-austin,Members,"Austin, TX",en_US
1511864641e3,10800000,245462083,Pubquiz navide√±o R-Ladies + PyLadies + OSWeekends + HaskellMAD,upcoming,15124986e5,2017-12-05,19:30,15120544e5,3600000,0,8,https://www.meetup.com/rladies-madrid/events/245462083/,"<p>¬°Buenas, R-Ladies!</p> <p>Se acerca el √∫ltimo mes del a√±o y con √©l, lo queramos o no, la Navidad, las compras, los viajes, las cenas de empresa y el poco tiempo libre... As√≠ que hemos pensado en hacer del meetup de diciembre un evento m√°s festivo.</p> <p>Como han hecho en comunidades R-Ladies de otras ciudades, os proponemos un pubquiz (<a href=""https://en.wikipedia.org/wiki/Pub_quiz"" class=""linkified"">https://en.wikipedia.org/wiki/Pub_quiz</a>), que es un concurso en un pub (s√≠, el nombre es muy descriptivo!).</p> <p>##### Comunidades participantes #####</p> <p>‚Ä¢ R-Ladies (<a href=""https://www.meetup.com/es-ES/rladies-madrid/"" class=""linkified"">https://www.meetup.com/es-ES/rladies-madrid/</a>)</p> <p>‚Ä¢ PyLadies (<a href=""https://www.meetup.com/es-ES/PyLadiesMadrid/"" class=""linkified"">https://www.meetup.com/es-ES/PyLadiesMadrid/</a>)</p> <p>‚Ä¢ Open Source Weekends (<a href=""https://www.meetup.com/es-ES/Open-Source-Weekends/"" class=""linkified"">https://www.meetup.com/es-ES/Open-Source-Weekends/</a>)</p> <p>‚Ä¢ Madrid Haskell Users Group (<a href=""https://www.meetup.com/es-ES/Haskell-MAD/"" class=""linkified"">https://www.meetup.com/es-ES/Haskell-MAD/</a>)</p> <p>##### Funcionamiento #####</p> <p>##### Equipos #####</p> <p>Se har√°n equipos (lo m√°s igualados posible en cuesti√≥n de comunidades y tecnolog√≠as, que al menos haya un integrante de cada comunidad).</p> <p>Cada equipo tiene que tener un nombre (que eligen sus integrantes) y lo ponen en su papel de respuestas.</p> <p>##### Preguntas y respuestas #####</p> <p>Las preguntas se dir√°n por megafon√≠a y se contestar√°n en un papel. Los organizadores de cada comunidad llevar√°n preparadas un m√≠nimo de 10 preguntas. Cada pregunta tendr√° una respuesta √∫nica. El tema de las preguntas es tecnolog√≠a (lenguajes, etc.) o preguntas sobre la comunidad.</p> <p>##### Ganador #####</p> <p>El equipo con m√°s respuestas correctas es el ganador.</p> <p>##### Normas #####</p> <p>No se puede consultar la respuesta por internet. Seamos legales, ¬°vamos a pasarlo bien!</p> <p>##### Entradas #####</p> <p>Cada comunidad contar√° con 10 entradas, para que est√©n equilibrados entre los participantes los conocimientos t√©cnicos.</p> <p>##### Asistencia #####</p> <p>Por favor, si no te apuntas y luego ves que no vas a poder venir, ¬°libera tu plaza! Por muy poco tiempo que quede para el evento. En este meetup es especialmente importante para que los equipos puedan estar equilibrados. ¬°Gracias!</p> <p>** Disclaimer: ¬°sinti√©ndolo mucho no contamos con ayuda econ√≥mica as√≠ que cada uno se tendr√° que pagar las consumiciones que tome! ¬°Gracias!</p> ",,public,8,,PT36H30M,25636481,Bar Cuatro Gatos,40.41426086425781,-3.7064740657806396,FALSE,"Calle Salvador, 4",Madrid,es,Spain,,,1472848175e3,R-Ladies Madrid,20381623,open,40.41999816894531,-3.7100000381469727,rladies-madrid,R-Ladies,"Madrid, Spain",en_US
1512033827e3,7200000,245523875,Let's get together and chat R and eat cake ,upcoming,15125823e5,2017-12-06,17:45,1512033827e3,0,0,8,https://www.meetup.com/R-Ladies-Manchester/events/245523875/,<p>‚Ä¢ What we'll do<br/>Given it's coming into Xmas party season/end of term we thought we would have a casual meetup to talk R. There will be a couple of talks on:</p> <p>* Using git with R<br/>* Getting started with making R packages If there are any topics you'd like to cover or have an interesting talk to give then we'd love to hear from you. In January we will be organising a hackathon so we can also use this session to discuss ideas for this. It's Manchester R ladies 1st birthday! There will be cake. - We have the room booked for a couple of hours but we can move to a cafe/Xmas markets after the talks for a hot chocolate to go with the cake.</p> <p>‚Ä¢ What to bring<br/>The sessions will probably be quite interactive so bring a laptop to follow along. Also bring along an R function that can be put into a package (this can be as simple as the HelloWorld function!)</p> ,Ahmed Iqbal Ullah Race Relations Resource Centre,public,,,,24464496,Central Library,53.47784423828125,-2.2429559230804443,FALSE,St Peter's Square,Manchester,gb,United Kingdom,,,1480459381e3,R-Ladies Manchester,21314716,open,53.470001220703125,-2.2300000190734863,R-Ladies-Manchester,Members,"Manchester, United Kingdom",en_US
150853908e4,5400000,244388617,Rcpp Hands-on Workshop,upcoming,15126048e5,2017-12-06,18:00,1509943822e3,-21600000,0,15,https://www.meetup.com/R-Ladies-St-Louis/events/244388617/,"<p><img src=""https://i.imgflip.com/1xyoqa.jpg"" /></p> <p><b>R-Ladies of St. Louis...we have a solution just for you!¬†</b></p> <p><b>Join us for a hands-on Rcpp workshop with St. Louis R-Lady and political scientist Erin Rossiter. Rcpp simplifies and speeds up functions by using C++ in combination with R. No C++ experience needed!</b></p> <p><br/><b>In addition to hands-on instruction, we will have drinks and snacks sponsored by neteffects, R book giveaways thanks to a generous gift from Sage Publishing, and cute new laptop stickers from @LockeData! See our Twitter feed @RLadiesSTL for pictures of the books and stickers.</b></p> <p><b>Please RSVP on the R-Ladies STL Meetup!</b></p> <p><br/><b>Contact us at &lt;a&gt;rladiesstl@gmail.com&lt;/a&gt; with questions.<br/></b></p> <p><b>See you theRe!</b></p> <p><b>Jenine &amp; Chelsea</b></p> <p><b>Food sponsor:</b></p> <p><img src=""https://secure.meetupstatic.com/photos/event/c/5/a/4/600_465950596.jpeg"" /></p> <p><b><br/></b></p> ",Morrissey Hall is located at 3700 Lindell Blvd just west of Grand,public,25,,,25564117,Morrissey Hall,38.63766098022461,-90.23697662353516,FALSE,3700 Lindell Boulevard,St. Louis,US,USA,,,1503944681e3,R-Ladies St. Louis,25681976,open,38.630001068115234,-90.19000244140625,R-Ladies-St-Louis,R-Ladies of St. Louis,"Saint Louis, MO",en_US
1511538221e3,,245361489,Reuni√≥n de cierre a√±o 2017,upcoming,15126732e5,2017-12-07,16:00,1512066753e3,-10800000,0,26,https://www.meetup.com/rladies-scl/events/245361489/,"<p>¬°Ya tenemos fecha para nuestra √∫ltima reuni√≥n del 2017!¬†</p> <p>El jueves 7 de diciembre a partir de las 16:00 haremos un evento especial de cierre de a√±o: un meetup m√∫ltiple con el grupo de usuarios de R en Chile (useRchile) y con la comunidad de PowerBI. En esta ocasi√≥n, el foco estar√° puesto en la presentaci√≥n de trabajos y proyectos.¬†</p> <p><br/>Charla 1¬† - Alexis Alvear, Subdirector Data UC: ""Democratizaci√≥n de los Datos P√∫blicos"".</p> <p>Charla 2 - Cesar Hormaz√°bal, Data Science en Metric Arts: ""Utilizando R, llevando el Data Science a Power BI"".</p> <p>Charla 3 - Riva Quiroga, Facultad de Letras UC: ""Text mining en R: buscando patrones ling√º√≠sticos en discursos pol√≠ticos"".</p> <p>Charla 4 - Derek Corcoran, Chief Experience Officer at Avoka: ""An√°lisis espaciales y machine learning para predecir los resultados de la NBA en R"".</p> <p>Charla 5 - Sara Acevedo, Doctora (c) en Ciencias de la Ingenier√≠a UC: ""Aplicaci√≥n de algoritmos de machine learning para la estimaci√≥n de propiedades del suelo"".</p> <p>Charla 6 - Joshua Kunst, R fan: ‚Äú¬øPor qu√© Shiny? ¬øPor qu√© con estilo?‚Äù</p> ",,public,40,,,25541430,Auditorio Mide-UC Campus San Joaqu√≠n,-33.49958801269531,-70.61544036865234,FALSE,"Av. Vicu√±a Mackenna 4860, Macul",Santiago,cl,Chile,,,1500409431e3,R-Ladies Santiago,25039094,open,-33.459999084472656,-70.63999938964844,rladies-scl,RLadies,"Santiago, Chile",en_US
1511042604e3,,245217280,Kick-starting R-Ladies Vancouver!!!!,upcoming,15126984e5,2017-12-07,18:00,151206781e4,-28800000,0,13,https://www.meetup.com/R-Ladies-Vancouver/events/245217280/,"<p>Hello R-Ladies community!</p> <p><br/>We are ready to kick-start our Vancouver chapter of the R-Ladies!</p> <p><br/>Come along to this introductory event where we will discuss the mission of R-Ladies, goals of our chapter and get to know each other. This event is kindly supported by Hothead Games, who are hosting us at their office downtown, thanks a bunch Hothead Games! Also, shout-out to RStudio for providing the food. Space is limited so please make sure you RSVP to get your spot.</p> <p><br/>If you haven‚Äôt done so yet, please fill out this survey to help us organize future events: <a href=""http://meet.meetup.com/wf/click?upn=pEEcc35imY7Cq0tG1vyTtzvunsCyKxCKYpTaEbXKAlBW3f8FXCLadsHoAxp5xgfj_CQ7n4E-2BgUeoCGIDa4hBlyamVQRfMhrZULcLb4L-2BbS6NUfsPuyG9IujIfOJGmsDiPFLBhOvBihI7EmYukDjP3BzYREAnCWvPIbLFcGUwr6RejKJGba7ejg502Z95BbO-2B573gbtpJhu6O29evC7fmv1NSi-2FoPKtqpyFqKmhkfPM0ahXv2-2FUcPyQj5-2BuV4wcH-2FucfHngE-2BWqi3hKmOWHgrn6xIz5cxcciSKdKrt4vhYAJ4-3D""><a href=""https://goo.gl/forms/oztMH7oj0bcKHFUq1"" class=""linkified"">https://goo.gl/forms/oztMH7oj0bcKHFUq1</a></a></p> <p><br/>Here is a tentative agenda. Times may shift depending on how many folks show up and what you are interested in sharing.</p> <p><br/>¬†6:00-6:15 pm - Arriving/networking</p> <p><br/>¬†6:15 pm: Introduction; a presentation with a discussion on:</p> <p>¬†‚Ä¢ What is R-Ladies?</p> <p>¬†‚Ä¢ What would we like to see at R-Ladies events</p> <p>¬†‚Ä¢ Share your comments about location for future meetups</p> <p>¬†‚Ä¢ Any other R-Ladies Vancouver issues you would like to discuss email: vancouver@rladies.org</p> <p><br/>7:00 pm - Lightning talks or an R related talk (depending on interest)</p> <p><br/>Lightning talks - this is an opportunity to informally introduce ourselves and share what we are using R for or what we are hoping to do with R (~ 5-10 minutes each). If you would like to give a little talk, here's a link to sign up <a href=""https://drive.google.com/open?id=1BQjWONGQ5RaRRIGKisJ43U0AuERCx-oUszQAap6gtms"">HERE</a>.There is no need for fancy slides (or any slides), the idea is to share our R interests/backgrounds and for the members to get to know each other.</p> ",,public,15,,,25072155,Hothead Games Office,49.29037094116211,-123.12954711914062,FALSE,1555 W. Pender St.,Vancouver,ca,Canada,"",BC,1507261656e3,R-Ladies Vancouver,26169684,open,49.279998779296875,-123.04000091552734,R-Ladies-Vancouver,Members,"Vancouver, BC",en_US
1511208203e3,7200000,245261565,R-Ladies Launch with Hadley Wickham,upcoming,15126228e5,2017-12-07,18:00,1511905385e3,46800000,0,8,https://www.meetup.com/rladies-auckland/events/245261565/,"<p>Hi Everyone!</p> <p><br/>We are thrilled to announce our meetup launch with Hadley Wickham presenting an introduction to the tidyverse.¬†</p> <p>This will aimed all all R abilities. For those¬†very new to R or those who have using the tidyverse for a while, you'll still pick up some new tricks.</p> <p>Bio:¬†<br/>Hadley is Chief Scientist at RStudio, a member of the R Foundation, and Adjunct Professor at Stanford University and the University of Auckland. He builds tools (both computational and cognitive) to make data science easier, faster, and more fun. His work includes packages for data science (the tidyverse: including ggplot2, dplyr, tidyr, purrr, and readr) and principled software development (roxygen2,¬†<br/>testthat, devtools). He is also a writer, educator, and speaker promoting the use of R for data science. Learn more on his website,¬†<a href=""http://hadley.nz/""><a href=""http://hadley.nz"" class=""linkified"">http://hadley.nz</a></a>¬†.</p> <p><br/>This meetup is being run in conjunction with the Data Science Discussion group¬†<a href=""https://www.meetup.com/Data-Science-Discussion-Auckland/"" class=""linkified"">https://www.meetup.com/Data-Science-Discussion-Auckland/</a></p> <p><br/>We look forward to meeting you.</p> <p>R-Ladies Auckland.</p> <p>


<img src=""https://secure.meetupstatic.com/photos/event/e/8/1/600_466503713.jpeg"" /></p> ",,public,50,,,25626143,"SLT1 Lecture Theatre, Room G01, Building 303 Science Building, University of Auckland",0,0,FALSE,38 Princes Street,Auckland,nz,New Zealand,,,151119739e4,R-Ladies Auckland,26653882,approval,-36.849998474121094,174.75999450683594,rladies-auckland,Members,"Auckland, New Zealand",en_US
1507644441e3,5400000,244082002,R Beginners - Third Session,upcoming,15126894e5,2017-12-07,18:30,1512048785e3,-18000000,0,29,https://www.meetup.com/rladies-dc/events/244082002/,<p>This is the third workshop in our R Beginners series. We'll do a deeper dive into plotting and begin learning about R markdown. No prior experience with R is necessary - just please attempt installing R and Rstudio prior to attending :) Please don't forget to let me know your full name by COB the day before for the attendence list.<br/>Note: this date and location is still tentative!</p> ,,public,30,,,25255740,All Above All (offices),38.906097412109375,-77.04071807861328,FALSE,"1201 Connecticut Ave., NW, Suite 300",Washington,us,USA,"",DC,1481140109e3,R-Ladies Washington D.C.,21510971,open,38.90999984741211,-77.0199966430664,rladies-dc,R-Ladies,"Washington, DC",en_US
1510666118e3,,245104057,Building Shiny apps,upcoming,15126696e5,2017-12-07,19:00,1510920516e3,3600000,0,16,https://www.meetup.com/R-Ladies-Brussels/events/245104057/,"<p>Shiny is an R package to build interactive web apps. Here a simple example of what you can do with Shiny: <a href=""https://shiny.rstudio.com/gallery/tabsets.html""><a href=""https://shiny.rstudio.com/gallery/tabsets.html"" class=""linkified"">https://shiny.rstudio.com/gallery/tabsets.html</a></a></p> <p>Refer to¬†RStudio's gallery for more examples.</p> <p>In this Shiny workshop you will learn how to build a Shiny app. We will cover Shiny app architecture, reactivity and how to share your app.</p> <p>What do you need?</p> <p>Bring your laptop with R, RStudio and Shiny package installed.</p> <p>We look forward to see you !</p> ",,public,,,,25271576,DigitYser,50.85734939575195,4.350038051605225,FALSE,Boulevard d'Anvers 40,Brussels,be,Belgium,,,1502796907e3,R-Ladies Brussels,25492745,open,50.83000183105469,4.329999923706055,R-Ladies-Brussels,Members,"Brussels, Belgium",en_US
1488227228e3,3600000,shrsrmywqblb,LunchinatoRs,upcoming,1512756e6,2017-12-08,12:00,1505943196e3,-21600000,0,1,https://www.meetup.com/R-Ladies-Ames/events/shrsrmywqblb/,"<p>Hosted by the Department of Ecology, Evolution, and Organismal Biology.¬†</p> <p>This is a weekly meeting hosted by R-Lady Audrey McCombs and Haldre Rogers in EEOB for folks interested in learning R and eating lunch together. Thanks to Audrey for extending this invitation to all of R-Ladies Ames! They meet from 12-1pm every Friday in Bessey Hall, room 334.¬†</p> <p>Email Audrey at amccombs@iastate.edu for more information. If you're looking to present some cool R¬†packages, how to wrestle with analysis issues, good coding practices, data management techniques, or anything else that you find interesting and helpful when working in R, let Audrey know! They'd love to host your presentation!</p> ",Room 334,public,,,,25089815,Bessey Hall,42.02848815917969,-93.6446304321289,FALSE,2200 Osborn Drive,Ames,us,USA,50011,IA,1480118246e3,R-Ladies Ames,21280054,open,42.029998779296875,-93.63999938964844,R-Ladies-Ames,R-Ladies,"Ames, IA",en_US
1510628157e3,29700000,245095439,R shiny with Azure MLÔºàÈôêÂà∂Â≠∏Áîü‰ª•Ë°®ÂñÆÂ†±ÂêçÔºâ,upcoming,15127812e5,2017-12-09,09:00,15116844e5,28800000,0,1,https://www.meetup.com/R-Ladies-Taipei/events/245095439/,"<p>Ê≠°ËøéÂú®Ê†°ÊúâÁ®ãÂºèÊí∞ÂØ´Á∂ìÈ©óÂêåÂ≠∏Â†±ÂêçÊ¥ªÂãï~~~~</p> <p>ÂæÆËªüÂØ¶ÁøíÁîüË®àÁï´ÈÇÄË´ãR-laides Ning Chen ÂºµÊá∑Êñá ÔºàHuai-Wen Mia ChangÔºâ Kristen Chan ‰∏ÄËµ∑ÁÇ∫Â•≥Â§ßÁîüËæ¶ÊâãÊääÊâã<br/>""Â≠∏ÁøíÂ¶Ç‰ΩïÁî®ÈêµÈÅîÂ∞ºËôüÊï∏ÊìöÂÅöÂá∫‰∏ÄÂÄãweb serviceÔºå‰∏äÊâãMachine Learning Studio ‰ª• Web ÊúçÂãôÊñπÂºèÁôº‰ΩàÊ®°ÂûãÔºåÈÄèÈÅéR ShinyÂÅöÂá∫ÂèØ‰∫íÂãïÂºèÈ†êÊ∏¨ÁµêÊûú‰∏¶Âú® Azure ËôõÊì¨Ê©üÂô®Âü∑Ë°å„ÄÇ""</p> <p>Â†±ÂêçË°®ÂñÆÂú®Ê≠§-&gt;<a href=""http://tinyurl.com/ycdl96zx"" class=""linkified"">http://tinyurl.com/ycdl96zx</a><br/>üéàÊ¥ªÂãïÊôÇÈñìÔºö2017Âπ¥12Êúà9Êó•(ÂÖ≠)<br/>üéàÊ¥ªÂãïÂ∞çË±°Ôºö<br/>ÂøÖË¶ÅÊ¢ù‰ª∂-&gt;6/30/2019ÂÖ∑ÂÇôÂ§ßÂ∞àÈô¢Ê†°Âú®Ê†°ÁîüË≥áÊ†ºÔºàÂê´Â§ßÂ≠∏„ÄÅÁ†îÁ©∂ÊâÄ„ÄÅÂçöÂ£´Áîü)‰πãÂ•≥Áîü<br/>üéàÂÑ™ÂÖàÊ¢ù‰ª∂-&gt;ÂÖ∑ÊúâÁ®ãÂºèÊí∞ÂØ´Á∂ìÈ©óËÄÖ(Ë´ãÊñºÂ†±ÂêçË°®‰∏≠Ë©≥Á¥∞Êí∞ÂØ´)<br/>üéàÊ¥ªÂãïË≤ªÁî®ÔºöFREE-&gt;Á≤æÈÄ≤codingÁöÑÂ§ßÂ•ΩÊ©üÊúÉÔºåÂ•≥Â§ßÁîüÂø´‰æÜÂ†±ÂêçÂêß!</p> <p>*‰∏ªËæ¶ÊñπÂ∞á‰ª•emailÊñπÂºèÈÄöÁü•Â†±ÂêçÊàêÂäüËÄÖ„ÄÇ</p> ",,public,1,,PT1021H,,,,,,,,,,,,1477246235e3,R-Ladies Taipei,20871369,open,25.020000457763672,121.44999694824219,R-Ladies-Taipei,Members,"Taipei, Taiwan",en_US
1511720542e3,9000000,245414733,Rise & Shiny - Interactive Maps (Leaflet),upcoming,15128316e5,2017-12-09,10:00,1511720542e3,-18000000,0,16,https://www.meetup.com/rladies-dc/events/245414733/,"<p>December <b>Rise &amp; Shiny</b> will cover topics in Interactive Maps and how to use the Leaflet package/framework in Shiny apps. We're going to try a slightly different format this month: less ""lecture"" tutorial, and more ""choose your own adventure"" tutorial. Our goal will be to publish tutorial material on Friday night, before the workshop, so that you can get a sense for what part or sections you might like to try working through on Saturday morning.</p> <p><b>Topics of Interest:</b><br/>- The leaflet package<br/>- R packages for extending leaflet<br/>- GeoJSON (what is it / how to create it)<br/>- Alternatives to leaflet<br/>- Github and shinyapps.io<br/>- Coffee and Muffins!</p> <p><b><i>Thanks as always to our sponsor, B23 - platform.b23.io</i></b></p> <p>This event is open to all members of the RStats community who support our mission of increasing gender diversity in tech. If this is your first meetup with us, please take a moment to read our <a href=""https://github.com/rladies/starter-kit/wiki/Code-of-Conduct"">code of conduct</a> before committing to attend.</p> ","Look for an R-Ladies Organizer in the building lobby entrance - If you know you'll be 15 minutes late or more, please give us a heads up in the comments!",public,,,,24926931,WeWork Tysons,38.92342758178711,-77.2208023071289,FALSE,1775 Tysons Blvd,tysons,us,USA,"",VA,1481140109e3,R-Ladies Washington D.C.,21510971,open,38.90999984741211,-77.0199966430664,rladies-dc,R-Ladies,"Washington, DC",en_US
1511210964e3,,245263160,Communicating Your Data Science Results and Wrangling Data,upcoming,1512837e6,2017-12-09,10:30,151207147e4,-21600000,0,8,https://www.meetup.com/RLadiesTC/events/245263160/,"<p>WHAT WE'RE DOING:</p> <p>You‚Äôll learn to use R Markdown to communicate your data science results easily. Your end product will be a website (html), Word doc, or a pdf.¬† You‚Äôll also learn to use R package dplyr to wrangle your data; this includes making and/or transforming variables. After the demos, we'll have some time to chat and try out our new skills.</p> <p>



WHAT TO BRING:</p> <p>Bring your laptop. Your laptop cord and a notebook might be a good idea, too. If you can, try to install R, R Studio, and the dplyr package before coming.</p> <p>



VOLUNTEERS:</p> <p>Amanda Doan will demonstrate how to use R Markdown and Katie Jolly will teach us how to use dplyr.</p> <p><br/>CONSUMING THINGS:</p> <p>Just down the hall is a mini coffee shop. (Bring your own mug to get 25 cents off!) Feel free to bring snackies or beverages from home.</p> <p>



LOCATION:</p> <p>Meet us in room <b>226 of O'Shaughnessy Science (OSS)</b>. This is connected to Owens and is part of the Frey Science Center (big cement sign out front). OSS is on the west side of Cretin between Grand and Summit. The east side of the building has an elevator and the building is ADA accessible.</p> <p>



PARKING:</p> <p><br/>You can park on Summit for free. The parking ramp (on Grand and Cretin) is very close to OSS and is decently priced ($1.00 or $1.50 per hour).</p> ",Room 226 in OSS. OSS is on Cretin between Grand and Summit.,public,,,,24291704,O'Shaughnessy Science Hall,44.944122314453125,-93.18971252441406,FALSE,"2115 Summit Ave, St Paul, MN ",55105,us,USA,"",MN,1427928185e3,R Ladies - Twin Cities,18529799,open,44.939998626708984,-93.220001220703125,RLadiesTC,Rmateys,"Minneapolis, MN",en_US
1511781953e3,,245433768,Kick-off Meeting,upcoming,1512837e6,2017-12-09,17:30,1511781953e3,3600000,0,9,https://www.meetup.com/rladies-leuven/events/245433768/,"<p>R-Ladies Leuven is now officially alive and kicking! And to celebrate we are organizing our first kick-off meeting to shape the future of¬†our chapter. In this meeting, we will introduce R-Ladies and R-Ladies Leuven, we will get to know each other, and we will discuss how we want to shape future events in our community.¬†</p> <p><br/>Schedule:</p> <p>5:30pm - Doors open</p> <p>5:45pm - Welcome and introduction to R-Ladies and R-Ladies Leuven (who we are!)</p> <p>6:00pm - Participants introduction (who you are and what you want to get from R-Ladies Leuven)</p> <p>6:30pm - Discussion and presentation of our December monthly meeting (we have one speaker already confirmed!)</p> <p><br/>This is our kick-off meeting and want to host it in an informal way to get to know each other. Because of that, we chose Pangaea, where we can meet and discuss while having some drinks and snacks. After the meeting, we can continue the discussion at the nearby STUKcaf√©.</p> <p>

Remember that the stated priority of the R-Ladies communities is the development &amp; support specifically of those identifying as female. However, due to unexpected demand, we have opened learning participation to all genders, provided everybody respects the guidelines of our code of conduct. So feel free to come and join!</p> ",,public,,,,23360892,Pangaea ,50.87302017211914,4.704579830169678,FALSE,"Andreas Vesaliusstraat 34, 3000 Lovaina",Lovaina,be,Belgium,,,1509377392e3,R-Ladies Leuven,26439137,open,50.880001068115234,4.699999809265137,rladies-leuven,R-Ladies,"Leuven, Belgium",en_US
1511823303e3,,245450756,Christmas Party!,upcoming,15129738e5,2017-12-11,17:30,1511910391e3,39600000,0,27,https://www.meetup.com/R-Ladies-Melbourne/events/245450756/,"<p><img src=""https://secure.meetupstatic.com/photos/event/b/8/e/0/600_466487328.jpeg"" /></p> <p>


Merry Christmas Everyone!</p> <p>To celebrate the festive season come and join us on December 11 for our annual R-Ladies Christmas Party! There will be R-related games with lots of prizes, drinks and pizza. Come along and get to know your fellow members!</p> <p>This is also a great opportunity to let us know your thoughts on the meetings we've had this year and what you would like to see next year. If you would like contribute to the group, whether by giving a short talk, workshop or seminar we would love to hear from you.</p> <p>It's going to be a great night and we hope to see everyone there!</p> <p>Please remember to bring a laptop with you.</p> <p>Wishing you all a safe and happy holiday.</p> <p>R-Ladies Melbourne</p> <p>


Graphics for the flyer were obtained from¬†<br/>[A fractal Christmas Tree](<a href=""https://gist.github.com/toddleo/61dc86f7012a728944f2"" class=""linkified"">https://gist.github.com/toddleo/61dc86f7012a728944f2</a>)<br/>[A Simpler Christmas Tree](<a href=""https://gist.github.com/jtleek/4369771"" class=""linkified"">https://gist.github.com/jtleek/4369771</a>)</p> ",,public,,,,24579586,Zendesk Basement,-37.8170280456543,144.96153259277344,FALSE,"395 Collins St, Melbourne",Melbourne,au,Australia,,,1472776317e3,R-Ladies Melbourne,20378903,open,-37.810001373291016,144.9600067138672,R-Ladies-Melbourne,Members,"Melbourne, Australia",en_US
1511186164e3,7200000,245252742,Book Club,upcoming,15130368e5,2017-12-11,19:00,1511186164e3,-18000000,0,6,https://www.meetup.com/R-Ladies-RTP/events/245252742/,"<p>‚Ä¢ What we'll do<br/>Join us as we work through the second section of R for Data Science (<a href=""http://r4ds.had.co.nz/wrangle-intro.html"" class=""linkified"">http://r4ds.had.co.nz/wrangle-intro.html</a>) in small groups. This is a great way for both new and experienced users to become more familiar with R.</p> <p>All events are intended for women as leaders, mentors, members, and attendees. We are emphatically queer and trans friendly. Men are welcomed to attend as guests. This group was created so those who identify as women have a comfortable place to learn. If you would like to attend and feel excluded, please introduce yourself to an organizer.</p> <p>‚Ä¢ What to bring<br/>Please bring your own laptop.</p> ",Turn right when you first walk in and you'll find us sitting near the circular tables designated for quiet group discussion.,public,,,,6300922,Durham Public Library - South Regional Branch,35.9023323059082,-78.88829803466797,FALSE,4505 S. Alston Ave,Durham,us,USA,27713,NC,1471270976e3,R-Ladies RTP,20317472,open,36,-78.9000015258789,R-Ladies-RTP,Members,"Durham, NC",en_US
1503414537e3,,242739422,Holiday Exodus Pub Night,upcoming,15131196e5,2017-12-12,18:00,1503414537e3,-18000000,0,1,https://www.meetup.com/rladies-boston/events/242739422/,"<p>Nobody's in town! Let's do a no-stress thing! Input welcome for a no-prep, no-laptops [required] event :)</p> ",,public_limited,,0,,,,,,,,,,,,,1474065871e3,R-Ladies Boston,20433637,approval,42.36000061035156,-71.06999969482422,rladies-boston,R-ladies,"Boston, MA",en_US
1511354738e3,10800000,245307502,lightning_talks(R-Ladies),upcoming,1513098e6,2017-12-12,18:00,151181679e4,3600000,0,34,https://www.meetup.com/R-Ladies-Budapest/events/245307502/,"<p>Decemberben ti√©tek a f≈ëszerep!</p> <p>A program 5 perces lightning talk-okb√≥l fog √°llni, amiket ti tarthattok olyan t√©m√°kr√≥l, amelyek titeket √©rdekelnek: egy hasznos R package, igzalamas esettanulm√°ny, √©rdekes m√≥dszertan stb. Az el≈ëad√°sok ut√°n pizza ev√©s k√∂zben k√∂tetlen besz√©lget√©s sor√°n lehet ismerkedni, besz√©lgetni az elhangzott t√©m√°kr√≥l.</p> <p>Az eddig be√©rkezett t√©m√°k k√∂z√∂tt van id≈ësorelemz√©s, web scraping, sz√≥felh≈ë k√©sz√≠t√©s s≈ët m√©g dunnhumby esettanulm√°ny is. Hamarosan k√∂zz√© tessz√ºk a v√©gleges programot is, de m√©g v√°rjuk tov√°bbi el≈ëad√≥k jelentkez√©s√©t a budapest@rladies.org c√≠men!</p> <p>----------------------------------------------------------------------------------------------------------------------</p> <p>Szervez√©si r√©szletek</p> <p>Az Accenture biztons√°gi el≈ë√≠r√°sait nek√ºnk is teljes√≠ten√ºnk kell, √≠gy k√©rn√©nk Benneteket:</p> <p>‚Ä¢ a teljes √©s pontos nevetekkel iratkozzatok fel<br/>‚Ä¢ legfeljebb december 11. 12:00-ig<br/>‚Ä¢ legyen N√°latok f√©nyk√©pes igazolv√°ny √©s k√©sz√≠ts√©tek is el≈ë, hogy fennakad√°s mentes legyen a bejut√°s.</p> ",,public,80,,,25626669,"Accenture (V√°ci Greens, building B, 3rd floor)",0,0,FALSE,Bence u. 1.,Budapest,hu,Hungary,,,1485298222e3,R-Ladies Budapest,22066895,open,47.5099983215332,19.079999923706055,R-Ladies-Budapest,Members,"Budapest, Hungary",en_US
1510539674e3,7200000,245064725,R in the world of Education,upcoming,15131214e5,2017-12-12,18:30,1510539762e3,-18000000,0,50,https://www.meetup.com/rladies-newyork/events/245064725/,"<p>We are very excited to announce our last meetup of the year with Erin Grand.</p> <p>Her Talk:¬†Many schools across the country are starting to use data to help improve student outcomes. In this talk,¬†Erin¬†will discuss what kind of data she gets to dive into and some of the challenges each project faces. She'll talk about ways to clean messy data, how using R has helped speed up everything, and the amazing janitor package.</p> <p>Her Bio: ¬†Erin¬†joined Uncommon Schools as an Associate Director of Data Analytics in the summer of 2016. Prior to Uncommon, she worked as a Data¬†Scientist at Crisis Text Line and a software programmer at NASA. She recently completed her masters¬†in Data Science at Columbia University. In the past,¬†Erin¬†researched star formation and taught introductory courses in astronomy and physics. In her free time,¬†Erin¬†enjoys reading, dancing and singing loudly to musical theatre.</p> <p>Agenda:¬†</p> <p>6:30-6:45pm Light networking</p> <p>6:45-7:00pm R-Ladies New York Announcements</p> <p>7:00-7:45pm R in the world of Education by Erin Grand with Q&amp;A</p> <p>7:45-8:30pm End of year celebration/networking for R-ladies NewYork.</p> <p>We want to thank our very generous host,¬†AT&amp;T NYC Data Science Research Center(<a href=""http://stats.research.att.com/"">stats.research.att.com</a>) for having us in their space.¬†</p> ",,public,,,PT24H,25608394,AT&T NYC Data Science Research Center,40.71659469604492,-74.00605010986328,FALSE,"33 Thomas Street  New York, NY 10007",New York,us,USA,"",NY,147198606e4,R-Ladies New York,20346526,open,40.75,-73.98999786376953,rladies-newyork,Rladies,"New York, NY",en_US
1509631378e3,7200000,244750974,End of the Year Potluck with PyLadies RDU,upcoming,1513206e6,2017-12-13,18:00,1510451745e3,-18000000,0,13,https://www.meetup.com/R-Ladies-RTP/events/244750974/,"<p>The end of the year is a great time to relax, reflect and reequip. Please join R-Ladies RTP and PyLadies RDU for a potluck social including:</p> <p>1) Career Advice: Led by a member of PyLadies RDU.<br/>2) Speed Mentoring: We will use the format for PyLadies Boston<br/>3) Plenty of time to eat, drink and get to know each other.</p> <p>Please let us know what you plan on bringing to the potluck by signing up here: <a href=""http://signup.com/go/sZimTwh""><a href=""http://signup.com/go/sZimTwh"" class=""linkified"">http://signup.com/go/sZimTwh</a></a></p> <p><br/>This is a great time to reconnect with R-Ladies and meet PyLadies!</p> <p>All events are intended for women as leaders, mentors, members, and attendees. We are emphatically queer and trans friendly. Men are welcomed to attend as guests. This group was created so those who identify as women have a comfortable place to learn. If you would like to attend and feel excluded, please introduce yourself to an organizer.</p> ",,public,,,,25588409, Genesys,35.87411117553711,-78.84259796142578,FALSE,"4307 Emperor Blvd, Suite #300",Durham,us,USA,"",NC,1471270976e3,R-Ladies RTP,20317472,open,36,-78.9000015258789,R-Ladies-RTP,Members,"Durham, NC",en_US
1512009248e3,7200000,245516334,Intro to R Markdown + Collaborative Coding Activity w/Kaylene McClanahan,upcoming,15132096e5,2017-12-13,18:00,15120102e5,-21600000,0,27,https://www.meetup.com/rladies-chicago/events/245516334/,"<p>At this meetup, Kaylene McClanahan will lead us through our first collaborative coding activity! Kaylene will briefly introduce us to R Markdown (a great tool for easily annotating your code, sharing it with others, and turning your results into reports), and then we will work together in small groups to address a highly important and socially relevant question--where can you find NYC's most raging parties?</p> <p>We know the idea of coding with others can be daunting, but this is a safe space and everyone is welcome (even if you do not know how to use R yet). In fact, each group will be assigned a more experienced R user so this will be a great opportunity for beginners to see how other people deal with data in R! This will be a relaxed environment and a good chance to meet some of your fellow R Ladies, so please do not feel like you do not know enough to join in.</p> <p>If you can, bring your computer!</p> <p>Schedule:<br/>6:00-6:10--Food and introductions<br/>6:10-6:30--Brief explanation of R Markdown and introduction to the NYC party dataset<br/>6:30-7:20--Groups will explore the data and use R Markdown to document their process/results<br/>7:20-7:45--Groups will share what they did with the rest of the group (if they want to!)</p> ",,public,,0,,12326212,Microsoft Technology Center,41.88492965698242,-87.62199401855469,FALSE,"200 East Randolph Drive,  Suite 200 ",Chicago,us,USA,60602,IL,1499286643e3,R-Ladies Chicago,24848073,open,41.880001068115234,-87.62000274658203,rladies-chicago,R-Ladies,"Chicago, IL",en_US
1501810182e3,,242269579,"R for Data Science Workshop: Programming -- Functions, Vectors, and Iteration",upcoming,15132114e5,2017-12-13,18:30,1509471545e3,-21600000,0,17,https://www.meetup.com/rladies-austin/events/242269579/,<p>This is the fourth meetup in a series of six workshops to work through the book R for Data Science by Hadley Wickham and Garrett Grolemund. Please bring a laptop with R Studio and R loaded up. (Let us know if you have questions or need help getting that set up.)</p> <p>We'll be covering these chapters:<br/>+ Pipes with magrittr<br/>+ Functions<br/>+ Vectors<br/>+ Iteration with purrr</p> <p>Agenda<br/>+ 6:30 - 7pm : Dinner and Networking<br/>+ 7 - 8:30pm : Workshop</p> ,,public,,0,,24123697,Yodle,30.395368576049805,-97.67219543457031,FALSE,12234 N Interstate 35 Frontage Rd #100 Bldg B,Austin,us,USA,"",TX,1485879617e3,R-Ladies Austin,22180445,open,30.219999313354492,-97.75,rladies-austin,Members,"Austin, TX",en_US
1511001724e3,,245207806,End of the year Orga meeting,upcoming,15132726e5,2017-12-14,18:30,1511252695e3,3600000,0,7,https://www.meetup.com/rladies-berlin/events/245207806/,"<p>Dear R-Ladies and friends,</p> <p>In good coding tradition, let's evaluate what we did so far and plan our next steps. We will meet on December the 14th and have a nice evening at a restaurant. Everybody who wants to join planning the next Meetups is welcome!</p> <p>See you</p> <p>Christin, Noa, Ulrike and Hanna</p> <p>


Note: I changed the beginning to 18:30, as reservations at the Umami are only for 18:30, Hanna</p> ",,public,,,,21943722,Umami,52.53464889526367,13.419710159301758,FALSE,Knaackstra√üe 16-18,10405 Berlin,de,Germany,,,1477914332e3,R-Ladies Berlin,20977178,open,52.52000045776367,13.380000114440918,rladies-berlin,R-Ladies,"Berlin, Germany",en_US
1511186423e3,7200000,245252807,Book Club,upcoming,15136416e5,2017-12-18,19:00,1511186423e3,-18000000,0,6,https://www.meetup.com/R-Ladies-RTP/events/245252807/,"<p>‚Ä¢ What we'll do<br/>Join us as we work through the third section of R for Data Science (<a href=""http://r4ds.had.co.nz/program-intro.html"" class=""linkified"">http://r4ds.had.co.nz/program-intro.html</a>) in small groups. This is a great way for both new and experienced users to become more familiar with R.</p> <p>We'll take a couple weeks off for the holidays and continue with Book Club in early 2018!</p> <p>All events are intended for women as leaders, mentors, members, and attendees. We are emphatically queer and trans friendly. Men are welcomed to attend as guests. This group was created so those who identify as women have a comfortable place to learn. If you would like to attend and feel excluded, please introduce yourself to an organizer.</p> <p>‚Ä¢ What to bring<br/>Please bring your own laptop.</p> ",Turn right when you first walk in and you will find us sitting near the circular tables designated for quiet group discussion.,public,,,,6300922,Durham Public Library - South Regional Branch,35.9023323059082,-78.88829803466797,FALSE,4505 S. Alston Ave,Durham,us,USA,27713,NC,1471270976e3,R-Ladies RTP,20317472,open,36,-78.9000015258789,R-Ladies-RTP,Members,"Durham, NC",en_US
1511854671e3,,245460382,Data Christmas 2017,upcoming,15137928e5,2017-12-20,19:00,1512028688e3,3600000,0,27,https://www.meetup.com/R-Ladies-Budapest/events/245460382/,"<p>Decemberben kiv√©telesen k√©t esem√©ny√ºnk lesz, ugyanis csatlakozunk az adatos meetup-ok kar√°csonyi rendezv√©ny√©hez is.</p> <p>Join us for for the last meetup of the year, where we look back at the most significant and interesting events of 2017.</p> <p>This meetup is jointly organized by the data meetups in Budapest. Current participants (in alphabetical order): <a href=""https://www.meetup.com/Budapest-BI-Meetup/events/245459960/"">BI Meetup</a>, <a href=""https://www.meetup.com/Big-Data-Meetup-Budapest/events/245444973/"">Big Data Meetup</a>, <a href=""https://www.meetup.com/budapest_data_science/events/245460641/"">Data Science Meetup</a>, <a href=""https://www.meetup.com/PyData-Budapest/events/245460002/"">PyData meetup</a>, <a href=""https://www.meetup.com/Budapest-Users-of-R-Network/events/245454475/"">R meetup</a>, <a href=""https://www.meetup.com/R-Ladies-Budapest/events/245460382/"">R-Ladies</a></p> <p>Talks: coming soon</p> <p>Schedule:<br/>18:30 Doors open, pizza<br/>19:00 Talks<br/>21:00 Afterparty!</p> <p>This is an English speaking event. Due to the parallelly organized, distributed nature of the meetup, RSVPs will be closed when to combined number of RSVPs from all participating meetups hits the limit.</p> ",,public,,0,,18100882,Prezi House of Ideas,47.50572967529297,19.056779861450195,FALSE,"Nagymezo 54-56,",Budapest,hu,Hungary,,,1485298222e3,R-Ladies Budapest,22066895,open,47.5099983215332,19.079999923706055,R-Ladies-Budapest,Members,"Budapest, Hungary",en_US
1509671425e3,,244770763,Meetup Mixup Melbourne [$8.80],upcoming,15138396e5,2017-12-21,18:00,1509671473e3,39600000,0,1,https://www.meetup.com/R-Ladies-Melbourne/events/244770763/,"<p>We invite our members to attend to Melbourne's combined end of year mixer: Meetup Mixup Melbourne! It's a fantastic opportunity to relax with a cold beverage and celebrate a year of meetups! You must register here: <a href=""https://melbourne.meetupmixup.com/"" class=""linkified"">https://melbourne.meetupmixup.com/</a></p> ",,public,,0,,24226075,Loop Project Space & Bar,-37.812076568603516,144.97207641601562,FALSE,23 Meyers Place,Melbourne,au,Australia,,,1472776317e3,R-Ladies Melbourne,20378903,open,-37.810001373291016,144.9600067138672,R-Ladies-Melbourne,Members,"Melbourne, Australia",en_US
1510091184e3,7200000,244909485,"New year, new R meetup!",upcoming,15156252e5,2018-01-10,18:00,1510091184e3,-18000000,0,12,https://www.meetup.com/rladies-philly/events/244909485/,"<p>Ring in the new year with a resolution to use R more!</p> <p>Who are we? We are a few women in Philadelphia who use R and wanted to have a friendly community to extend our R skills and network with other women R users. We learned about the international R-Ladies community and decided to try it in our city.</p> <p>Anyone with an interest in R is welcome. You can be an R expert or novice.</p> <p>When? This January will be the first meeting. We plan to have an informal mixer to introduce ourselves and find out what topics are of the most interest for future meetings. After this first meeting, we hope to start a monthly schedule of interactive workshops led by volunteers. If you have anything you want to share, a problem you are working on, or an idea for a collaborative project, we want to hear about it!</p> <p>If you are completely new to R, bring your computer, and we can walk you through setting up R and RStudio or answer any setup questions you have been working through.</p> <p>Where? We are being hosted at MakeOffices in center city. There will be snacks (details TBD)</p> ",,public,50,,,25434194,MakeOffices,39.95413589477539,-75.173553466796875,FALSE,2001 Market Street #2500,Philadelphia,us,USA,"",PA,1507729015e3,R-Ladies Philly,26229746,open,40.119998931884766,-75.01000213623047,rladies-philly,R-Ladies,"Philadelphia, PA",en_US
1510864575e3,3600000,245167843,Intro R Workshop,upcoming,15163128e5,2018-01-18,15:00,1510864613e3,-25200000,0,18,https://www.meetup.com/rladies-tucson-az/events/245167843/,<p><b>The main goal of this workshop is to develop the following skills: </b></p> <p>‚Ä¢ R Basics</p> <p><br/>‚Äì Installing packages</p> <p>‚Äì Using libraries</p> <p>‚Äì Defining your working directory</p> <p>‚Äì Checking your working space</p> <p>‚Ä¢ Coding literacy</p> <p><br/>‚Äì Reading code</p> <p>‚Äì Reading error messages</p> <p>‚Äì Writing readable code</p> <p>¬†‚Ä¢ Importing Data into R</p> <p>‚Äì Importing Excel spreadsheets into R¬†</p> <p>‚Äì Dealing with different data types</p> <p>‚Äì Summarizing your data</p> <p>‚Äì Creating crosstabs</p> ,iSpace - Room 202 of the Science-Engineering Library (UA campus),public,,,,25616411,iSpace - Room 202 of the Science-Engineering Library (UA campus),32.22895431518555,-110.95101928710938,FALSE,"744 N Highland Ave, Tucson, AZ 85719",Tucson,us,USA,"",AZ,1510685121e3,R-Ladies Tucson AZ,26598934,open,32.220001220703125,-110.97000122070312,rladies-tucson-az,Members,"Tucson, AZ",en_US
1509545922e3,,244717019,Save the Date,upcoming,15163164e5,2018-01-18,18:00,1509545922e3,-18000000,0,1,https://www.meetup.com/rladies-charlottesville/events/244717019/,<p>More information to come!</p> ,,public,,0,,,,,,,,,,,,,1506014722e3,R-Ladies Charlottesville,26004745,open,38,-78.45999908447266,rladies-charlottesville,Members,"Charlottesville, VA",en_US
1511877091e3,7200000,245465157,R Ladies book club: Everybody Lies,upcoming,15164784e5,2018-01-20,15:00,1511877113e3,-18000000,0,18,https://www.meetup.com/rladies-newyork/events/245465157/,"<p>Thanks to everyone who took the recent poll regarding our next book club topic! There were equal votes for a technical book and a less technical non-fiction, but with a number of write-ins specifically for Everybody Lies, it was the winner for January. We'll read a more technical book for the April meeting.</p> <p>At this book club we'll be discussing Everybody Lies: Big Data, New Data, and What the Internet Can Tell Us About Who We Really Are by Seth Stephens-Davidowitz. Please support our host and local bookstore by ordering the book with the link below (ignore the note that says ""Available for Back-Order):<br/><a href=""https://www.rizzolibookstore.com/everybody-lies-big-data-new-data-and-what-internet-can-tell-us-about-who-we-really-are-0"" class=""linkified"">https://www.rizzolibookstore.com/everybody-lies-big-data-new-data-and-what-internet-can-tell-us-about-who-we-really-are-0</a></p> <p>You are invited to join the R Ladies NYC book club group on Goodreads: <a href=""https://www.goodreads.com/group/show/225365-r-ladies-nyc"" class=""linkified"">https://www.goodreads.com/group/show/225365-r-ladies-nyc</a> . Use the Goodreads page or the rladiesbookclub channel on slack to suggest books for future meetings.</p> ",Head straight to the back of this lovely bookstore to find our group.,public,,,,25038699,Rizzoli Bookstore,40.7400016784668,-73.98999786376953,FALSE,1133 Broadway (Broadway & 26th) ,New York ,us,USA,10010,NY,147198606e4,R-Ladies New York,20346526,open,40.75,-73.98999786376953,rladies-newyork,Rladies,"New York, NY",en_US
1501810292e3,,242269602,"R for Data Science Workshop: Modeling with modelr, purrr, and broom",upcoming,15168402e5,2018-01-24,18:30,1501810292e3,-21600000,0,13,https://www.meetup.com/rladies-austin/events/242269602/,<p>This is the 5th meetup in a series of six workshops to work through the book R for Data Science by Hadley Wickham and Garrett Grolemund. Please bring a laptop with R Studio and R loaded up. (Let us know if you have questions or need help getting that set up.)</p> <p>We'll be covering these chapters:<br/>+ Model Basics with modelr<br/>+ Model Building<br/>+ Many Models with purrr and broom</p> <p>Agenda<br/>+ 6:30 - 7pm : Dinner and Networking<br/>+ 7 - 8:30pm : Workshop</p> ,,public,,0,,,,,,,,,,,,,1485879617e3,R-Ladies Austin,22180445,open,30.219999313354492,-97.75,rladies-austin,Members,"Austin, TX",en_US
1507561615e3,,244054651,Analyse sentimentale de tweet + Introduction au web scraping avec rvest,upcoming,15168168e5,2018-01-24,19:00,151090666e4,3600000,0,18,https://www.meetup.com/rladies-paris/events/244054651/,"<p><img src=""http://www.groupe-estia.fr/wp-content/uploads/2017/01/logo-estia-retina.png"" /></p> <p><br/>Ce meetup sera en fran√ßais.</p> <p><br/>La planification est actuellement en cours. Lieu &amp; Date √† confirmer.¬†</p> <p>Nous vous tiendrons au courant.</p> ",,public,50,,,25615628,Groupe Estia,48.879859924316406,2.284467935562134,FALSE,"58 Boulevard Gouvion-Saint-Cyr, 75017",Paris,fr,France,,,1474299591e3,R-Ladies Paris,20443056,open,48.86000061035156,2.3399999141693115,rladies-paris,Members,"Paris, France",en_US
1510339979e3,7200000,245002622,Get to know the R-Ladies: Lightening Talks!,upcoming,15173496e5,2018-01-30,17:00,1510509162e3,-18000000,0,2,https://www.meetup.com/rladies-ldnont/events/245002622/,"<p>Come join the R-Ladies in our first ""Lightening Talks"" event. In this fun, informal setting, participants have approximately 3 to 5 minutes to speak about their research, work, or a puzzle they're trying to solve - anything goes as long as it involves R! Prepare a brief presentation and a visual or two (slide, code snippets, graph, etc). Come share your work, learn what your peers are up to, and exchange ideas! If you would like to present, fill out our <a href=""https://docs.google.com/forms/d/e/1FAIpQLSfyGa47Vm_cz385ZfunVk_ZqwqG9umr6J4WCoNgsge8MsmwzQ/viewform?c=0&amp;w=1"">questionnaire </a>before December 23, if you would like to attend please RSVP at our MeetUp page by January 23. Thanks!</p> ",,public,,,,19794792,London Public Library,42.98440170288086,-81.24620056152344,FALSE,251 Dundas St. ,London,ca,Canada,"",ON,1484658259e3,"R-Ladies London, Ontario",21965959,open,43.0099983215332,-81.18000030517578,rladies-ldnont,Members,"London, ON",en_US
1510667151e3,7200000,245104372,Lightening Talks,upcoming,15173496e5,2018-01-30,17:00,1510669034e3,-18000000,0,3,https://www.meetup.com/rladies-ldnont/events/245104372/,"<p>Come join the R-Ladies in our first ever <i><b>Lightening Talks</b></i> event. In this fun, informal setting, participants have approximately 3 to 5 minutes to speak about their research, work, or a puzzle they're trying to solve - anything goes! <i>R-related presentations are a bonus but not necessary!</i> Our goal is to 1) provide a space to learn about the others in our community and 2) exchange ideas about methodologies, interests, and the tools we all are using.</p> <p><b>IMPORTANT: </b></p> <p>In addition to RSVPing on our MeetUp page, please ALSO <a href=""https://goo.gl/forms/LeoSGYLzdgrXthks2"">complete this form</a> by <b>December 23</b> to help us with scheduling and to let us know important pieces of information.</p> <p>This is <i>not</i> meant to be a high-stakes presentation event - just a chance to share our projects with each other and learn a little about the questions each of us are asking in our own work and the tools we're using to answer them. As usual, we will head out for food and drinks following the event (drinks and apps for presenters are on us!)</p> <p>-----------------------------------------------------------------------------------------------------------------------------------------------</p> <p><i><b>NB: </b>Please note that, in keeping with the global R-Ladies mission, R-Ladies London, Ontario will prioritize female leadership and participation. All interested people (regardless of gender) are welcome to RSVP to our events. However, in the event that we receive a greater amount of presenter interest than we feel is manageable for the space/time, we will prioritize female presenters.</i></p> ",We will be in the lobby on the first floor of the library (downtown branch),public,,,PT168H,19794792,London Public Library,42.98440170288086,-81.24620056152344,FALSE,251 Dundas St. ,London,ca,Canada,"",ON,1484658259e3,"R-Ladies London, Ontario",21965959,open,43.0099983215332,-81.18000030517578,rladies-ldnont,Members,"London, ON",en_US
1510279496e3,,244982738,Book Club: Weapons of Math Destruction,upcoming,1517445e6,2018-01-31,18:30,1510279675e3,-21600000,0,11,https://www.meetup.com/rladies-austin/events/244982738/,"<p><img src=""https://secure.meetupstatic.com/photos/event/3/2/6/d/600_466032909.jpeg"" /></p> <p>


For our second book club book, we'll be reading Cathy O'Neil's 'Weapons of Math Destruction'! Here's a quick review:</p> <p>‚ÄúO‚ÄôNeil‚Äôs book offers a frightening look at how algorithms are increasingly regulating people‚Ä¶ Her knowledge of the power and risks of mathematical models, coupled with a gift for analogy, makes her one of the most valuable observers of the continuing weaponization of big data‚Ä¶ [She] does a masterly job explaining the pervasiveness and risks of the algorithms that regulate our lives.‚Äù<br/>‚ÄîNew York Times Book Review</p> <p>This book is available <a href=""https://www.amazon.com/dp/B019B6VCLO/ref=dp-kindle-redirect?_encoding=UTF8&amp;btkr=1"">on Amazon</a> or from local booksellers like <a href=""http://www.bookpeople.com/book/9780553418835"">Book People</a>.¬†</p> <p>Agenda: We'll meet at Thunderbird Coffee on Koenig at 6:30, where we'll discuss the book and discussion questions over beverages (they have beer and coffee/tea drinks). Looking forward to seeing you all!</p> ",,public,,0,,24346740,Thunderbird Coffee,30.33079719543457,-97.73198699951172,FALSE,1401 Koenig Ln. ,Austin,us,USA,"",TX,1485879617e3,R-Ladies Austin,22180445,open,30.219999313354492,-97.75,rladies-austin,Members,"Austin, TX",en_US
1501810466e3,,242269635,R for Data Science Workshop: Communicating Results with rmarkdown and ggplot2,upcoming,15192594e5,2018-02-21,18:30,1501810466e3,-21600000,0,6,https://www.meetup.com/rladies-austin/events/242269635/,<p>This is the 6th and final meetup in a series of six workshops to work through the book R for Data Science by Hadley Wickham and Garrett Grolemund. Please bring a laptop with R Studio and R loaded up. (Let us know if you have questions or need help getting that set up.)</p> <p>We'll be covering these chapters:<br/>+ R Markdown<br/>+ Graphics for Communication with ggplot2<br/>+ R Markdown Formats<br/>+ R Markdown Workflow</p> <p>Agenda<br/>+ 6:30 - 7pm : Dinner and Networking<br/>+ 7 - 8:30pm : Workshop</p> ,,public,,0,,,,,,,,,,,,,1485879617e3,R-Ladies Austin,22180445,open,30.219999313354492,-97.75,rladies-austin,Members,"Austin, TX",en_US
1479050131e3,,235551657,[Selected Series] Talk Title (template),upcoming,15220638e5,2018-03-26,19:30,1479050593e3,28800000,0,1,https://www.meetup.com/R-Ladies-Taipei/events/235551657/,"<p><b>1. Agenda</b></p> <p><br/>‚Ä¢¬†19:30-20:30 ‰∏ªË≠∞Á®ã: talk_1 @speaker_1</p> <p>‚Ä¢¬†20:30-20:50 ÈñÉÈõªÁßÄ: talk_2¬†@speaker_2</p> <p>‚Ä¢¬†20:50 - ¬† Ëá™Áî±‰∫§ÊµÅÊôÇÈñì</p> <p>


<b>2. Talk Information</b></p> <p>‚Ä¢ talk_1<br/>intro here</p> <p>

‚Ä¢¬†talk_2<br/>intro here</p> <p>


<b>3. Speaker Information</b></p> <p>‚Ä¢ speaker_1<br/>bio here</p> <p>‚Ä¢¬†speaker_2<br/>bio here</p> <p>

<b>4. Host information</b></p> <p>‚Ä¢ Host<br/>bio here</p> ",,public,,,,,,,,,,,,,,,1477246235e3,R-Ladies Taipei,20871369,open,25.020000457763672,121.44999694824219,R-Ladies-Taipei,Members,"Taipei, Taiwan",en_US
